,Euclidean + NCM (2),NCMC (2 centroids)
FOLD 1,0.75,0.5833333333333334
FOLD 2,0.7272727272727273,0.5454545454545454
FOLD 3,0.5454545454545454,0.6363636363636364
FOLD 4,0.5454545454545454,0.6363636363636364
FOLD 5,0.36363636363636365,0.5454545454545454
FOLD 6,0.6,0.5
FOLD 7,0.6,0.7
FOLD 8,0.7,0.7
FOLD 9,0.7,0.7
FOLD 10,0.5,0.7
MEAN,0.6031818181818183,0.6246969696969698
