,Euclidean + NCM (3),NCMC (3 centroids)
FOLD 1,0.5,0.6666666666666666
FOLD 2,0.6363636363636364,0.6363636363636364
FOLD 3,0.8181818181818182,0.8181818181818182
FOLD 4,0.8181818181818182,0.7272727272727273
FOLD 5,0.7272727272727273,0.8181818181818182
FOLD 6,0.9,0.8
FOLD 7,0.9,0.7
FOLD 8,0.7,0.8
FOLD 9,1.0,0.7
FOLD 10,0.8,0.6
MEAN,0.78,0.7266666666666667
