,Euclidean + NCM (2),NCMC (2 centroids)
FOLD 1,0.5714285714285714,0.6285714285714286
FOLD 2,0.7142857142857143,0.6285714285714286
FOLD 3,0.6,0.7428571428571429
FOLD 4,0.5428571428571428,0.5428571428571428
FOLD 5,0.5714285714285714,0.6
FOLD 6,0.5294117647058824,0.6176470588235294
FOLD 7,0.5882352941176471,0.7058823529411765
FOLD 8,0.6470588235294118,0.5294117647058824
FOLD 9,0.6764705882352942,0.7647058823529411
FOLD 10,0.6176470588235294,0.5
MEAN,0.6058823529411764,0.6260504201680672
