,Euclidean + NCM (3),NCMC (3 centroids)
FOLD 1,0.6,0.5428571428571428
FOLD 2,0.7714285714285715,0.6285714285714286
FOLD 3,0.6857142857142857,0.5142857142857142
FOLD 4,0.6285714285714286,0.6285714285714286
FOLD 5,0.6,0.6
FOLD 6,0.5294117647058824,0.5882352941176471
FOLD 7,0.5,0.6470588235294118
FOLD 8,0.5,0.5
FOLD 9,0.6764705882352942,0.6176470588235294
FOLD 10,0.4117647058823529,0.5588235294117647
MEAN,0.5903361344537815,0.5826050420168067
