,Euclidean + NCM (3),NCMC (3 centroids)
FOLD 1,0.53125,0.46875
FOLD 2,0.5,0.53125
FOLD 3,0.5,0.59375
FOLD 4,0.5161290322580645,0.6129032258064516
FOLD 5,0.4666666666666667,0.5
FOLD 6,0.5,0.5714285714285714
FOLD 7,0.35714285714285715,0.4642857142857143
FOLD 8,0.5357142857142857,0.5357142857142857
FOLD 9,0.6071428571428571,0.4642857142857143
FOLD 10,0.35714285714285715,0.39285714285714285
MEAN,0.48711885560675877,0.5135224654377881
