,Euclidean + NCM,NCMML
FOLD 1,0.53125,0.53125
FOLD 2,0.53125,0.625
FOLD 3,0.625,0.5
FOLD 4,0.5161290322580645,0.6129032258064516
FOLD 5,0.5666666666666667,0.5333333333333333
FOLD 6,0.4642857142857143,0.5714285714285714
FOLD 7,0.39285714285714285,0.32142857142857145
FOLD 8,0.6071428571428571,0.6071428571428571
FOLD 9,0.6071428571428571,0.6785714285714286
FOLD 10,0.5357142857142857,0.5357142857142857
MEAN,0.5377438556067589,0.55167722734255
