,Euclidean + NCM,NCMML
FOLD 1,0.6521739130434783,0.6956521739130435
FOLD 2,0.391304347826087,0.5217391304347826
FOLD 3,0.4782608695652174,0.4782608695652174
FOLD 4,0.5454545454545454,0.5909090909090909
FOLD 5,0.5,0.5454545454545454
FOLD 6,0.5909090909090909,0.6363636363636364
FOLD 7,0.47619047619047616,0.3333333333333333
FOLD 8,0.55,0.55
FOLD 9,0.4,0.55
FOLD 10,0.2777777777777778,0.3888888888888889
MEAN,0.4862071020766673,0.5290601668862538
