,Euclidean + NCM (3),NCMC (3 centroids)
FOLD 1,0.5555555555555556,0.7777777777777778
FOLD 2,0.6666666666666666,0.6666666666666666
FOLD 3,0.7777777777777778,0.8888888888888888
FOLD 4,1.0,1.0
FOLD 5,0.875,0.75
FOLD 6,0.625,0.875
FOLD 7,0.875,1.0
FOLD 8,0.8571428571428571,1.0
FOLD 9,0.7142857142857143,0.7142857142857143
FOLD 10,1.0,1.0
MEAN,0.7946428571428571,0.8672619047619048
