,Euclidean + NCM (2),NCMC (2 centroids)
FOLD 1,0.6666666666666666,0.7777777777777778
FOLD 2,0.6666666666666666,0.7777777777777778
FOLD 3,0.8888888888888888,0.8888888888888888
FOLD 4,1.0,1.0
FOLD 5,1.0,0.875
FOLD 6,0.625,0.625
FOLD 7,0.875,1.0
FOLD 8,0.8571428571428571,0.7142857142857143
FOLD 9,0.8571428571428571,0.7142857142857143
FOLD 10,1.0,1.0
MEAN,0.8436507936507937,0.8373015873015873
