,Euclidean + NCM,NCMML
FOLD 1,0.75,0.8611111111111112
FOLD 2,0.7777777777777778,0.9444444444444444
FOLD 3,0.7222222222222222,0.8888888888888888
FOLD 4,0.6944444444444444,0.8888888888888888
FOLD 5,0.75,0.9166666666666666
FOLD 6,0.7428571428571429,0.8857142857142857
FOLD 7,0.6764705882352942,0.7941176470588235
FOLD 8,0.7941176470588235,0.8823529411764706
FOLD 9,0.7058823529411765,0.8529411764705882
FOLD 10,0.7647058823529411,0.8823529411764706
MEAN,0.7378478057889823,0.8797478991596638
