,Euclidean + NCM (2),NCMC (2 centroids)
FOLD 1,1.0,0.9333333333333333
FOLD 2,1.0,1.0
FOLD 3,0.8666666666666667,0.8666666666666667
FOLD 4,1.0,1.0
FOLD 5,0.9333333333333333,0.9333333333333333
FOLD 6,0.9333333333333333,0.9333333333333333
FOLD 7,1.0,1.0
FOLD 8,1.0,1.0
FOLD 9,1.0,1.0
FOLD 10,0.9333333333333333,0.9333333333333333
MEAN,0.9666666666666668,0.9600000000000002
