,Euclidean + NCM (3),NCMC (3 centroids)
FOLD 1,0.6938775510204082,0.7959183673469388
FOLD 2,0.8,0.8222222222222222
FOLD 3,0.8666666666666667,0.9111111111111111
FOLD 4,0.7560975609756098,0.8780487804878049
FOLD 5,0.8,0.8666666666666667
FOLD 6,0.8666666666666667,0.8
FOLD 7,0.6333333333333333,0.7
FOLD 8,0.7666666666666667,0.8666666666666667
FOLD 9,0.8666666666666667,0.8666666666666667
FOLD 10,0.7,0.8666666666666667
MEAN,0.7749975111996018,0.8373967147834744
