,Euclidean + NCM (2),NCMC (2 centroids)
FOLD 1,0.6326530612244898,0.8163265306122449
FOLD 2,0.6444444444444445,0.8
FOLD 3,0.6888888888888889,0.7555555555555555
FOLD 4,0.7317073170731707,0.7804878048780488
FOLD 5,0.8,0.8
FOLD 6,0.7,0.7333333333333333
FOLD 7,0.6,0.6666666666666666
FOLD 8,0.5666666666666667,0.7666666666666667
FOLD 9,0.8,0.8666666666666667
FOLD 10,0.6,0.8666666666666667
MEAN,0.676436037829766,0.785236989104585
