,Euclidean + NCM (2),NCMC (2 centroids)
FOLD 1,0.8181818181818182,0.9545454545454546
FOLD 2,0.9090909090909091,0.9090909090909091
FOLD 3,0.9545454545454546,0.9545454545454546
FOLD 4,0.9090909090909091,0.9545454545454546
FOLD 5,1.0,1.0
FOLD 6,0.9523809523809523,1.0
FOLD 7,0.9523809523809523,0.9523809523809523
FOLD 8,1.0,1.0
FOLD 9,0.9523809523809523,1.0
FOLD 10,1.0,1.0
MEAN,0.9448051948051948,0.9725108225108225
