,Euclidean + NCM (3),NCMC (3 centroids)
FOLD 1,0.9545454545454546,0.9545454545454546
FOLD 2,0.9090909090909091,0.9090909090909091
FOLD 3,0.9545454545454546,0.9545454545454546
FOLD 4,0.8636363636363636,0.9545454545454546
FOLD 5,1.0,1.0
FOLD 6,1.0,1.0
FOLD 7,1.0,0.9047619047619048
FOLD 8,1.0,1.0
FOLD 9,1.0,1.0
FOLD 10,1.0,0.9523809523809523
MEAN,0.9681818181818181,0.9629870129870131
