,Euclidean + NCM,NCMML
FOLD 1,0.7315436241610739,0.7516778523489933
FOLD 2,0.7583892617449665,0.738255033557047
FOLD 3,0.7651006711409396,0.8053691275167785
FOLD 4,0.7972972972972973,0.8040540540540541
FOLD 5,0.8040540540540541,0.8175675675675675
FOLD 6,0.7702702702702703,0.7837837837837838
FOLD 7,0.75,0.75
FOLD 8,0.7959183673469388,0.7959183673469388
FOLD 9,0.7959183673469388,0.7755102040816326
FOLD 10,0.7551020408163265,0.7619047619047619
MEAN,0.7723593954178807,0.7784040752161558
