,Euclidean + NCM,NCMML
FOLD 1,0.7593984962406015,0.8045112781954887
FOLD 2,0.8106060606060606,0.8333333333333334
FOLD 3,0.7751937984496124,0.8217054263565892
FOLD 4,0.7596899224806202,0.7906976744186046
FOLD 5,0.7596899224806202,0.8294573643410853
FOLD 6,0.8046875,0.796875
FOLD 7,0.7734375,0.8359375
FOLD 8,0.7716535433070866,0.8188976377952756
FOLD 9,0.7952755905511811,0.8661417322834646
FOLD 10,0.8346456692913385,0.8582677165354331
MEAN,0.7844278003407122,0.8255824663259276
