,Euclidean + NCM (3),NCMC (3 centroids)
FOLD 1,0.3888888888888889,0.36419753086419754
FOLD 2,0.34782608695652173,0.34782608695652173
FOLD 3,0.37267080745341613,0.37267080745341613
FOLD 4,0.325,0.375
FOLD 5,0.39375,0.40625
FOLD 6,0.3375,0.3875
FOLD 7,0.38125,0.4
FOLD 8,0.39375,0.4125
FOLD 9,0.27848101265822783,0.33544303797468356
FOLD 10,0.3630573248407643,0.3375796178343949
MEAN,0.3582174120797819,0.37389670810832143
