,Euclidean + NCM (2),NCMC (2 centroids)
FOLD 1,0.8947368421052632,0.9473684210526315
FOLD 2,1.0,1.0
FOLD 3,0.9444444444444444,1.0
FOLD 4,1.0,1.0
FOLD 5,1.0,1.0
FOLD 6,1.0,1.0
FOLD 7,1.0,1.0
FOLD 8,1.0,1.0
FOLD 9,0.8823529411764706,0.9411764705882353
FOLD 10,0.9375,0.9375
MEAN,0.9659034227726178,0.9826044891640867
