,Euclidean + NCM (2),NCMC (2 centroids)
FOLD 1,0.38271604938271603,0.4382716049382716
FOLD 2,0.45962732919254656,0.33540372670807456
FOLD 3,0.37267080745341613,0.3105590062111801
FOLD 4,0.39375,0.43125
FOLD 5,0.3375,0.375
FOLD 6,0.40625,0.3875
FOLD 7,0.40625,0.44375
FOLD 8,0.39375,0.4375
FOLD 9,0.35443037974683544,0.35443037974683544
FOLD 10,0.33121019108280253,0.35668789808917195
MEAN,0.3838154756858317,0.3870352615693534
