,Euclidean + NCM,NCMML
FOLD 1,0.75,0.75
FOLD 2,0.8181818181818182,0.8181818181818182
FOLD 3,0.7272727272727273,0.7272727272727273
FOLD 4,0.7272727272727273,0.7272727272727273
FOLD 5,0.8181818181818182,0.8181818181818182
FOLD 6,1.0,1.0
FOLD 7,1.0,1.0
FOLD 8,0.9,0.9
FOLD 9,0.9,0.9
FOLD 10,1.0,0.8
MEAN,0.8640909090909092,0.8440909090909093
