,Euclidean + NCM,NCMML
FOLD 1,0.6285714285714286,0.6
FOLD 2,0.5714285714285714,0.6857142857142857
FOLD 3,0.5428571428571428,0.6285714285714286
FOLD 4,0.5714285714285714,0.6285714285714286
FOLD 5,0.5428571428571428,0.6
FOLD 6,0.6764705882352942,0.7058823529411765
FOLD 7,0.5882352941176471,0.5588235294117647
FOLD 8,0.5588235294117647,0.5588235294117647
FOLD 9,0.7058823529411765,0.7352941176470589
FOLD 10,0.6176470588235294,0.7058823529411765
MEAN,0.6004201680672269,0.6407563025210085
