,Euclidean + NCM (3),NCMC (3 centroids)
FOLD 1,0.9333333333333333,0.9333333333333333
FOLD 2,1.0,1.0
FOLD 3,0.8666666666666667,0.9333333333333333
FOLD 4,1.0,1.0
FOLD 5,0.9333333333333333,0.9333333333333333
FOLD 6,0.9333333333333333,1.0
FOLD 7,1.0,1.0
FOLD 8,0.9333333333333333,0.9333333333333333
FOLD 9,0.9333333333333333,1.0
FOLD 10,0.9333333333333333,0.8666666666666667
MEAN,0.9466666666666667,0.9600000000000002
