,Euclidean + NCM,NCMML
FOLD 1,0.9090909090909091,0.9545454545454546
FOLD 2,0.9090909090909091,0.9090909090909091
FOLD 3,0.9545454545454546,0.9545454545454546
FOLD 4,0.8636363636363636,0.9545454545454546
FOLD 5,0.9545454545454546,0.9090909090909091
FOLD 6,0.9523809523809523,1.0
FOLD 7,0.9523809523809523,1.0
FOLD 8,0.9523809523809523,1.0
FOLD 9,0.9523809523809523,1.0
FOLD 10,0.9523809523809523,0.9523809523809523
MEAN,0.9352813852813853,0.9634199134199134
