,Euclidean + NCM (3),NCMC (3 centroids)
FOLD 1,0.7969924812030075,0.7894736842105263
FOLD 2,0.75,0.7651515151515151
FOLD 3,0.7596899224806202,0.7906976744186046
FOLD 4,0.7751937984496124,0.7906976744186046
FOLD 5,0.7906976744186046,0.8294573643410853
FOLD 6,0.75,0.8046875
FOLD 7,0.7890625,0.8046875
FOLD 8,0.8110236220472441,0.8031496062992126
FOLD 9,0.8031496062992126,0.8188976377952756
FOLD 10,0.8188976377952756,0.8110236220472441
MEAN,0.7844707242693578,0.800792377868207
