,Euclidean + NCM,NCMML
FOLD 1,0.8947368421052632,0.9473684210526315
FOLD 2,1.0,1.0
FOLD 3,1.0,0.8888888888888888
FOLD 4,1.0,1.0
FOLD 5,0.9444444444444444,1.0
FOLD 6,0.8888888888888888,0.9444444444444444
FOLD 7,1.0,1.0
FOLD 8,0.8888888888888888,1.0
FOLD 9,0.9411764705882353,0.8823529411764706
FOLD 10,0.9375,1.0
MEAN,0.9495635534915721,0.9663054695562435
