,Euclidean + NCM (3),NCMC (3 centroids)
FOLD 1,0.6507936507936508,0.0
FOLD 2,0.7142857142857143,0.0
FOLD 3,0.6190476190476191,0.0
FOLD 4,0.6190476190476191,0.0
FOLD 5,0.8095238095238095,0.0
FOLD 6,0.5873015873015873,0.0
FOLD 7,0.6984126984126984,0.0
FOLD 8,0.6507936507936508,0.0
FOLD 9,0.6557377049180327,0.0
FOLD 10,0.65,0.0
MEAN,0.6654944054124383,0.0
