,Euclidean + NCM (2),NCMC (2 centroids)
FOLD 1,0.40625,0.40625
FOLD 2,0.5,0.5
FOLD 3,0.59375,0.59375
FOLD 4,0.5483870967741935,0.4838709677419355
FOLD 5,0.4666666666666667,0.4666666666666667
FOLD 6,0.6071428571428571,0.5
FOLD 7,0.4642857142857143,0.42857142857142855
FOLD 8,0.6071428571428571,0.6428571428571429
FOLD 9,0.5,0.6071428571428571
FOLD 10,0.35714285714285715,0.4642857142857143
MEAN,0.5050768049155145,0.5093394777265745
