,Euclidean + NCM (3),NCMC (3 centroids)
FOLD 1,0.5217391304347826,0.6956521739130435
FOLD 2,0.5217391304347826,0.6086956521739131
FOLD 3,0.6086956521739131,0.8260869565217391
FOLD 4,0.5,0.7727272727272727
FOLD 5,0.6818181818181818,0.45454545454545453
FOLD 6,0.5909090909090909,0.6363636363636364
FOLD 7,0.3333333333333333,0.6666666666666666
FOLD 8,0.55,0.5
FOLD 9,0.4,0.65
FOLD 10,0.5,0.6111111111111112
MEAN,0.5208234519104085,0.6421848924022837
