,Euclidean + NCM (2),NCMC (2 centroids)
FOLD 1,0.5652173913043478,0.6521739130434783
FOLD 2,0.6521739130434783,0.6521739130434783
FOLD 3,0.6086956521739131,0.7391304347826086
FOLD 4,0.45454545454545453,0.5
FOLD 5,0.7727272727272727,0.45454545454545453
FOLD 6,0.5454545454545454,0.5454545454545454
FOLD 7,0.42857142857142855,0.42857142857142855
FOLD 8,0.55,0.45
FOLD 9,0.55,0.45
FOLD 10,0.7222222222222222,0.5
MEAN,0.5849607880042662,0.5372049689440994
