,Euclidean + NCM,NCMML
FOLD 1,0.6666666666666666,0.8888888888888888
FOLD 2,0.7777777777777778,0.8888888888888888
FOLD 3,0.7777777777777778,1.0
FOLD 4,0.875,1.0
FOLD 5,0.875,1.0
FOLD 6,0.75,0.75
FOLD 7,1.0,0.875
FOLD 8,0.7142857142857143,0.5714285714285714
FOLD 9,0.8571428571428571,0.7142857142857143
FOLD 10,1.0,1.0
MEAN,0.8293650793650794,0.8688492063492064
