,Euclidean + NCM,NCMML
FOLD 1,0.8666666666666667,0.9333333333333333
FOLD 2,0.9333333333333333,1.0
FOLD 3,0.9333333333333333,0.8666666666666667
FOLD 4,0.8666666666666667,1.0
FOLD 5,0.9333333333333333,0.9333333333333333
FOLD 6,1.0,1.0
FOLD 7,0.9333333333333333,1.0
FOLD 8,0.8,1.0
FOLD 9,1.0,1.0
FOLD 10,0.8666666666666667,0.8666666666666667
MEAN,0.9133333333333333,0.9600000000000002
