,Euclidean + NCM,NCMML
FOLD 1,0.7591623036649214,0.774869109947644
FOLD 2,0.7277486910994765,0.7329842931937173
FOLD 3,0.7853403141361257,0.806282722513089
FOLD 4,0.7853403141361257,0.7801047120418848
FOLD 5,0.7315789473684211,0.7894736842105263
FOLD 6,0.7736842105263158,0.7736842105263158
FOLD 7,0.8,0.7789473684210526
FOLD 8,0.8,0.7736842105263158
FOLD 9,0.6947368421052632,0.7263157894736842
FOLD 10,0.8359788359788359,0.8148148148148148
MEAN,0.7693570459015485,0.7751160915669044
