,Euclidean + NCM,NCMML
FOLD 1,0.5102040816326531,0.7346938775510204
FOLD 2,0.5333333333333333,0.7333333333333333
FOLD 3,0.5777777777777777,0.7111111111111111
FOLD 4,0.6585365853658537,0.8292682926829268
FOLD 5,0.7,0.8666666666666667
FOLD 6,0.5666666666666667,0.7333333333333333
FOLD 7,0.5666666666666667,0.7666666666666667
FOLD 8,0.7,0.7333333333333333
FOLD 9,0.6333333333333333,0.8
FOLD 10,0.5,0.6666666666666666
MEAN,0.5946518444776284,0.7575073281345058
