,Euclidean + NCM,NCMML
FOLD 1,0.9,0.8583333333333333
FOLD 2,0.9152542372881356,0.8220338983050848
FOLD 3,0.8869565217391304,0.7565217391304347
FOLD 4,0.9469026548672567,0.8849557522123894
FOLD 5,0.8918918918918919,0.7297297297297297
FOLD 6,0.9090909090909091,0.8454545454545455
FOLD 7,0.9,0.8090909090909091
FOLD 8,0.9090909090909091,0.7454545454545455
FOLD 9,0.9181818181818182,0.8454545454545455
FOLD 10,0.9272727272727272,0.6818181818181818
MEAN,0.9104641669422779,0.79788471799837
