,Euclidean + NCM (2),NCMC (2 centroids)
FOLD 1,0.8270676691729323,0.8195488721804511
FOLD 2,0.7424242424242424,0.8106060606060606
FOLD 3,0.7906976744186046,0.8217054263565892
FOLD 4,0.7674418604651163,0.7751937984496124
FOLD 5,0.7829457364341085,0.7674418604651163
FOLD 6,0.7890625,0.78125
FOLD 7,0.7890625,0.796875
FOLD 8,0.8267716535433071,0.8346456692913385
FOLD 9,0.8110236220472441,0.8818897637795275
FOLD 10,0.7952755905511811,0.8346456692913385
MEAN,0.7921773049056737,0.8123802120420034
