,Euclidean + NCM (3),NCMC (3 centroids)
FOLD 1,0.8181818181818182,0.7272727272727273
FOLD 2,0.7619047619047619,0.9047619047619048
FOLD 3,0.8095238095238095,0.7619047619047619
FOLD 4,0.7619047619047619,0.7619047619047619
FOLD 5,0.7142857142857143,0.8571428571428571
FOLD 6,0.8095238095238095,0.8571428571428571
FOLD 7,0.7619047619047619,0.7619047619047619
FOLD 8,0.7,0.85
FOLD 9,0.75,0.8
FOLD 10,0.55,0.7
MEAN,0.7437229437229437,0.7982034632034631
