,Euclidean + NCM,NCMML
FOLD 1,0.7727272727272727,0.7272727272727273
FOLD 2,0.6666666666666666,0.7619047619047619
FOLD 3,0.7142857142857143,0.8095238095238095
FOLD 4,0.7142857142857143,0.8571428571428571
FOLD 5,0.6666666666666666,0.7619047619047619
FOLD 6,0.7142857142857143,0.8571428571428571
FOLD 7,0.6190476190476191,0.6666666666666666
FOLD 8,0.55,0.6
FOLD 9,0.8,0.75
FOLD 10,0.8,0.85
MEAN,0.7017965367965368,0.7641558441558441
