,Euclidean + NCM (2),NCMC (2 centroids)
FOLD 1,0.5909090909090909,0.7272727272727273
FOLD 2,0.5238095238095238,0.7619047619047619
FOLD 3,0.7619047619047619,0.8095238095238095
FOLD 4,0.7619047619047619,0.8571428571428571
FOLD 5,0.7619047619047619,0.8095238095238095
FOLD 6,0.8095238095238095,0.7619047619047619
FOLD 7,0.6190476190476191,0.7619047619047619
FOLD 8,0.65,0.65
FOLD 9,0.75,0.85
FOLD 10,0.7,0.85
MEAN,0.6929004329004329,0.7839177489177489
