,Euclidean + NCM,NCMML
FOLD 1,0.7272727272727273,0.9727272727272728
FOLD 2,0.8,0.9636363636363636
FOLD 3,0.7454545454545455,1.0
FOLD 4,0.7363636363636363,0.990909090909091
FOLD 5,0.6727272727272727,0.9818181818181818
FOLD 6,0.7181818181818181,0.9818181818181818
FOLD 7,0.7,0.9636363636363636
FOLD 8,0.7727272727272727,0.9818181818181818
FOLD 9,0.7454545454545455,0.9636363636363636
FOLD 10,0.7545454545454545,0.9818181818181818
MEAN,0.7372727272727273,0.9781818181818182
