,Euclidean + NCM (3),NCMC (3 centroids)
FOLD 1,0.8818181818181818,0.9454545454545454
FOLD 2,0.8818181818181818,0.9818181818181818
FOLD 3,0.9,0.990909090909091
FOLD 4,0.8909090909090909,0.9636363636363636
FOLD 5,0.8818181818181818,0.9545454545454546
FOLD 6,0.9,0.9727272727272728
FOLD 7,0.8909090909090909,0.9545454545454546
FOLD 8,0.8636363636363636,0.9545454545454546
FOLD 9,0.9181818181818182,0.9636363636363636
FOLD 10,0.8909090909090909,0.9727272727272728
MEAN,0.89,0.9654545454545455
