,Euclidean + NCM,NCMML
FOLD 1,0.45348837209302323,0.813953488372093
FOLD 2,0.4186046511627907,0.7790697674418605
FOLD 3,0.4823529411764706,0.788235294117647
FOLD 4,0.4470588235294118,0.788235294117647
FOLD 5,0.4470588235294118,0.8705882352941177
FOLD 6,0.4,0.7529411764705882
FOLD 7,0.5058823529411764,0.788235294117647
FOLD 8,0.4642857142857143,0.7261904761904762
FOLD 9,0.4578313253012048,0.7831325301204819
FOLD 10,0.4146341463414634,0.7073170731707317
MEAN,0.44911971503606674,0.779789862941329
