,Euclidean + NCM,NCMML
FOLD 1,0.36419753086419754,0.4074074074074074
FOLD 2,0.3105590062111801,0.422360248447205
FOLD 3,0.3416149068322981,0.40372670807453415
FOLD 4,0.3125,0.4
FOLD 5,0.29375,0.45625
FOLD 6,0.35625,0.45625
FOLD 7,0.38125,0.475
FOLD 8,0.3,0.45
FOLD 9,0.35443037974683544,0.45569620253164556
FOLD 10,0.35668789808917195,0.43312101910828027
MEAN,0.3371239721743683,0.4359811585569072
