,Euclidean + NCM (3),NCMC (3 centroids)
FOLD 1,0.8421052631578947,0.9473684210526315
FOLD 2,1.0,1.0
FOLD 3,0.8888888888888888,1.0
FOLD 4,1.0,1.0
FOLD 5,1.0,1.0
FOLD 6,0.9444444444444444,1.0
FOLD 7,1.0,1.0
FOLD 8,1.0,1.0
FOLD 9,0.8823529411764706,0.8823529411764706
FOLD 10,0.875,0.875
MEAN,0.9432791537667699,0.9704721362229103
